{"ProjectBreakpoints":"{\"Value\":{\"System1/System1_ExctractClientInformation.xaml\":[{\"ConditionalExpression\":null,\"ActionExpression\":null,\"ExpectedHitCounter\":null,\"ShouldContinueAfterAction\":false,\"IsEnabled\":true,\"ActivityIdRef\":\"LogMessage_1\",\"ActivityId\":\"1.4\",\"ActivityName\":\"Log Message\"},{\"ConditionalExpression\":null,\"ActionExpression\":null,\"ExpectedHitCounter\":null,\"ShouldContinueAfterAction\":false,\"IsEnabled\":true,\"ActivityIdRef\":\"GetValue_1\",\"ActivityId\":\"1.28\",\"ActivityName\":\"Get Client Information\"}]}}","ProjectWatches":"{\"Value\":[]}","OpenedDocuments":"[\"System1/System1_ExctractClientInformation.xaml\",\"System1/System1_NavigateTo_WIDetail.xaml\",\"Process.xaml\",\"Main.xaml\",\"System1/System1_Login.xaml\",\"Framework/InitAllApplications.xaml\"]"}